000000,ffffff
000010,ffffff
000020,ffffff
000030,ffffff
000040,ffffff
000050,ffffff
000060,ffffff
000070,ffffff
000080,ffffff
000090,ffffff
0000a0,ffffff
0000b0,ffffff
0000c0,ffffff
0000d0,ffffff
0000e0,ffffff
0000f0,ffffff
0000ff,ffffff
001000,ffffff
001010,ffffff
001020,ffffff
001030,ffffff
001040,ffffff
001050,ffffff
001060,ffffff
001070,ffffff
001080,ffffff
001090,ffffff
0010a0,ffffff
0010b0,ffffff
0010c0,ffffff
0010d0,ffffff
0010e0,ffffff
0010f0,ffffff
0010ff,ffffff
002000,ffffff
002010,ffffff
002020,ffffff
002030,ffffff
002040,ffffff
002050,ffffff
002060,ffffff
002070,ffffff
002080,ffffff
002090,ffffff
0020a0,ffffff
0020b0,ffffff
0020c0,ffffff
0020d0,ffffff
0020e0,ffffff
0020f0,ffffff
0020ff,ffffff
003000,ffffff
003010,ffffff
003020,ffffff
003030,ffffff
003040,ffffff
003050,ffffff
003060,ffffff
003070,ffffff
003080,ffffff
003090,ffffff
0030a0,ffffff
0030b0,ffffff
0030c0,ffffff
0030d0,ffffff
0030e0,ffffff
0030f0,ffffff
0030ff,ffffff
004000,ffffff
004010,ffffff
004020,ffffff
004030,ffffff
004040,ffffff
004050,ffffff
004060,ffffff
004070,ffffff
004080,ffffff
004090,ffffff
0040a0,ffffff
0040b0,ffffff
0040c0,ffffff
0040d0,ffffff
0040e0,ffffff
0040f0,ffffff
0040ff,ffffff
005000,ffffff
005010,ffffff
005020,ffffff
005030,ffffff
005040,ffffff
005050,ffffff
005060,ffffff
005070,ffffff
005080,ffffff
005090,ffffff
0050a0,ffffff
0050b0,ffffff
0050c0,ffffff
0050d0,ffffff
0050e0,ffffff
0050f0,ffffff
0050ff,ffffff
006000,ffffff
006010,ffffff
006020,ffffff
006030,ffffff
006040,ffffff
006050,ffffff
006060,ffffff
006070,ffffff
006080,ffffff
006090,ffffff
0060a0,ffffff
0060b0,ffffff
0060c0,ffffff
0060d0,ffffff
0060e0,ffffff
0060f0,ffffff
0060ff,ffffff
007000,ffffff
007010,ffffff
007020,ffffff
007030,ffffff
007040,ffffff
007050,ffffff
007060,ffffff
007070,ffffff
007080,ffffff
007090,ffffff
0070a0,ffffff
0070b0,ffffff
0070c0,ffffff
0070d0,ffffff
0070e0,ffffff
0070f0,ffffff
0070ff,000000
008000,ffffff
008010,ffffff
008020,ffffff
008030,ffffff
008040,ffffff
008050,ffffff
008060,ffffff
008070,ffffff
008080,ffffff
008090,ffffff
0080a0,ffffff
0080b0,000000
0080c0,000000
0080d0,000000
0080e0,000000
0080f0,000000
0080ff,000000
009000,000000
009010,000000
009020,000000
009030,000000
009040,000000
009050,000000
009060,000000
009070,000000
009080,000000
009090,000000
0090a0,000000
0090b0,000000
0090c0,000000
0090d0,000000
0090e0,000000
0090f0,000000
0090ff,000000
00a000,000000
00a010,000000
00a020,000000
00a030,000000
00a040,000000
00a050,000000
00a060,000000
00a070,000000
00a080,000000
00a090,000000
00a0a0,000000
00a0b0,000000
00a0c0,000000
00a0d0,000000
00a0e0,000000
00a0f0,000000
00a0ff,000000
00b000,000000
00b010,000000
00b020,000000
00b030,000000
00b040,000000
00b050,000000
00b060,000000
00b070,000000
00b080,000000
00b090,000000
00b0a0,000000
00b0b0,000000
00b0c0,000000
00b0d0,000000
00b0e0,000000
00b0f0,000000
00b0ff,000000
00c000,000000
00c010,000000
00c020,000000
00c030,000000
00c040,000000
00c050,000000
00c060,000000
00c070,000000
00c080,000000
00c090,000000
00c0a0,000000
00c0b0,000000
00c0c0,000000
00c0d0,000000
00c0e0,000000
00c0f0,000000
00c0ff,000000
00d000,000000
00d010,000000
00d020,000000
00d030,000000
00d040,000000
00d050,000000
00d060,000000
00d070,000000
00d080,000000
00d090,000000
00d0a0,000000
00d0b0,000000
00d0c0,000000
00d0d0,000000
00d0e0,000000
00d0f0,000000
00d0ff,000000
00e000,000000
00e010,000000
00e020,000000
00e030,000000
00e040,000000
00e050,000000
00e060,000000
00e070,000000
00e080,000000
00e090,000000
00e0a0,000000
00e0b0,000000
00e0c0,000000
00e0d0,000000
00e0e0,000000
00e0f0,000000
00e0ff,000000
00f000,000000
00f010,000000
00f020,000000
00f030,000000
00f040,000000
00f050,000000
00f060,000000
00f070,000000
00f080,000000
00f090,000000
00f0a0,000000
00f0b0,000000
00f0c0,000000
00f0d0,000000
00f0e0,000000
00f0f0,000000
00f0ff,000000
00ff00,000000
00ff10,000000
00ff20,000000
00ff30,000000
00ff40,000000
00ff50,000000
00ff60,000000
00ff70,000000
00ff80,000000
00ff90,000000
00ffa0,000000
00ffb0,000000
00ffc0,000000
00ffd0,000000
00ffe0,000000
00fff0,000000
00ffff,000000
100000,ffffff
100010,ffffff
100020,ffffff
100030,ffffff
100040,ffffff
100050,ffffff
100060,ffffff
100070,ffffff
100080,ffffff
100090,ffffff
1000a0,ffffff
1000b0,ffffff
1000c0,ffffff
1000d0,ffffff
1000e0,ffffff
1000f0,ffffff
1000ff,ffffff
101000,ffffff
101010,ffffff
101020,ffffff
101030,ffffff
101040,ffffff
101050,ffffff
101060,ffffff
101070,ffffff
101080,ffffff
101090,ffffff
1010a0,ffffff
1010b0,ffffff
1010c0,ffffff
1010d0,ffffff
1010e0,ffffff
1010f0,ffffff
1010ff,ffffff
102000,ffffff
102010,ffffff
102020,ffffff
102030,ffffff
102040,ffffff
102050,ffffff
102060,ffffff
102070,ffffff
102080,ffffff
102090,ffffff
1020a0,ffffff
1020b0,ffffff
1020c0,ffffff
1020d0,ffffff
1020e0,ffffff
1020f0,ffffff
1020ff,ffffff
103000,ffffff
103010,ffffff
103020,ffffff
103030,ffffff
103040,ffffff
103050,ffffff
103060,ffffff
103070,ffffff
103080,ffffff
103090,ffffff
1030a0,ffffff
1030b0,ffffff
1030c0,ffffff
1030d0,ffffff
1030e0,ffffff
1030f0,ffffff
1030ff,ffffff
104000,ffffff
104010,ffffff
104020,ffffff
104030,ffffff
104040,ffffff
104050,ffffff
104060,ffffff
104070,ffffff
104080,ffffff
104090,ffffff
1040a0,ffffff
1040b0,ffffff
1040c0,ffffff
1040d0,ffffff
1040e0,ffffff
1040f0,ffffff
1040ff,ffffff
105000,ffffff
105010,ffffff
105020,ffffff
105030,ffffff
105040,ffffff
105050,ffffff
105060,ffffff
105070,ffffff
105080,ffffff
105090,ffffff
1050a0,ffffff
1050b0,ffffff
1050c0,ffffff
1050d0,ffffff
1050e0,ffffff
1050f0,ffffff
1050ff,ffffff
106000,ffffff
106010,ffffff
106020,ffffff
106030,ffffff
106040,ffffff
106050,ffffff
106060,ffffff
106070,ffffff
106080,ffffff
106090,ffffff
1060a0,ffffff
1060b0,ffffff
1060c0,ffffff
1060d0,ffffff
1060e0,ffffff
1060f0,ffffff
1060ff,ffffff
107000,ffffff
107010,ffffff
107020,ffffff
107030,ffffff
107040,ffffff
107050,ffffff
107060,ffffff
107070,ffffff
107080,ffffff
107090,ffffff
1070a0,ffffff
1070b0,ffffff
1070c0,ffffff
1070d0,ffffff
1070e0,ffffff
1070f0,ffffff
1070ff,000000
108000,ffffff
108010,ffffff
108020,ffffff
108030,ffffff
108040,ffffff
108050,ffffff
108060,ffffff
108070,ffffff
108080,ffffff
108090,ffffff
1080a0,ffffff
1080b0,000000
1080c0,000000
1080d0,000000
1080e0,000000
1080f0,000000
1080ff,000000
109000,000000
109010,000000
109020,000000
109030,000000
109040,000000
109050,000000
109060,000000
109070,000000
109080,000000
109090,000000
1090a0,000000
1090b0,000000
1090c0,000000
1090d0,000000
1090e0,000000
1090f0,000000
1090ff,000000
10a000,000000
10a010,000000
10a020,000000
10a030,000000
10a040,000000
10a050,000000
10a060,000000
10a070,000000
10a080,000000
10a090,000000
10a0a0,000000
10a0b0,000000
10a0c0,000000
10a0d0,000000
10a0e0,000000
10a0f0,000000
10a0ff,000000
10b000,000000
10b010,000000
10b020,000000
10b030,000000
10b040,000000
10b050,000000
10b060,000000
10b070,000000
10b080,000000
10b090,000000
10b0a0,000000
10b0b0,000000
10b0c0,000000
10b0d0,000000
10b0e0,000000
10b0f0,000000
10b0ff,000000
10c000,000000
10c010,000000
10c020,000000
10c030,000000
10c040,000000
10c050,000000
10c060,000000
10c070,000000
10c080,000000
10c090,000000
10c0a0,000000
10c0b0,000000
10c0c0,000000
10c0d0,000000
10c0e0,000000
10c0f0,000000
10c0ff,000000
10d000,000000
10d010,000000
10d020,000000
10d030,000000
10d040,000000
10d050,000000
10d060,000000
10d070,000000
10d080,000000
10d090,000000
10d0a0,000000
10d0b0,000000
10d0c0,000000
10d0d0,000000
10d0e0,000000
10d0f0,000000
10d0ff,000000
10e000,000000
10e010,000000
10e020,000000
10e030,000000
10e040,000000
10e050,000000
10e060,000000
10e070,000000
10e080,000000
10e090,000000
10e0a0,000000
10e0b0,000000
10e0c0,000000
10e0d0,000000
10e0e0,000000
10e0f0,000000
10e0ff,000000
10f000,000000
10f010,000000
10f020,000000
10f030,000000
10f040,000000
10f050,000000
10f060,000000
10f070,000000
10f080,000000
10f090,000000
10f0a0,000000
10f0b0,000000
10f0c0,000000
10f0d0,000000
10f0e0,000000
10f0f0,000000
10f0ff,000000
10ff00,000000
10ff10,000000
10ff20,000000
10ff30,000000
10ff40,000000
10ff50,000000
10ff60,000000
10ff70,000000
10ff80,000000
10ff90,000000
10ffa0,000000
10ffb0,000000
10ffc0,000000
10ffd0,000000
10ffe0,000000
10fff0,000000
10ffff,000000
200000,ffffff
200010,ffffff
200020,ffffff
200030,ffffff
200040,ffffff
200050,ffffff
200060,ffffff
200070,ffffff
200080,ffffff
200090,ffffff
2000a0,ffffff
2000b0,ffffff
2000c0,ffffff
2000d0,ffffff
2000e0,ffffff
2000f0,ffffff
2000ff,ffffff
201000,ffffff
201010,ffffff
201020,ffffff
201030,ffffff
201040,ffffff
201050,ffffff
201060,ffffff
201070,ffffff
201080,ffffff
201090,ffffff
2010a0,ffffff
2010b0,ffffff
2010c0,ffffff
2010d0,ffffff
2010e0,ffffff
2010f0,ffffff
2010ff,ffffff
202000,ffffff
202010,ffffff
202020,ffffff
202030,ffffff
202040,ffffff
202050,ffffff
202060,ffffff
202070,ffffff
202080,ffffff
202090,ffffff
2020a0,ffffff
2020b0,ffffff
2020c0,ffffff
2020d0,ffffff
2020e0,ffffff
2020f0,ffffff
2020ff,ffffff
203000,ffffff
203010,ffffff
203020,ffffff
203030,ffffff
203040,ffffff
203050,ffffff
203060,ffffff
203070,ffffff
203080,ffffff
203090,ffffff
2030a0,ffffff
2030b0,ffffff
2030c0,ffffff
2030d0,ffffff
2030e0,ffffff
2030f0,ffffff
2030ff,ffffff
204000,ffffff
204010,ffffff
204020,ffffff
204030,ffffff
204040,ffffff
204050,ffffff
204060,ffffff
204070,ffffff
204080,ffffff
204090,ffffff
2040a0,ffffff
2040b0,ffffff
2040c0,ffffff
2040d0,ffffff
2040e0,ffffff
2040f0,ffffff
2040ff,ffffff
205000,ffffff
205010,ffffff
205020,ffffff
205030,ffffff
205040,ffffff
205050,ffffff
205060,ffffff
205070,ffffff
205080,ffffff
205090,ffffff
2050a0,ffffff
2050b0,ffffff
2050c0,ffffff
2050d0,ffffff
2050e0,ffffff
2050f0,ffffff
2050ff,ffffff
206000,ffffff
206010,ffffff
206020,ffffff
206030,ffffff
206040,ffffff
206050,ffffff
206060,ffffff
206070,ffffff
206080,ffffff
206090,ffffff
2060a0,ffffff
2060b0,ffffff
2060c0,ffffff
2060d0,ffffff
2060e0,ffffff
2060f0,ffffff
2060ff,ffffff
207000,ffffff
207010,ffffff
207020,ffffff
207030,ffffff
207040,ffffff
207050,ffffff
207060,ffffff
207070,ffffff
207080,ffffff
207090,ffffff
2070a0,ffffff
2070b0,ffffff
2070c0,ffffff
2070d0,ffffff
2070e0,ffffff
2070f0,ffffff
2070ff,000000
208000,ffffff
208010,ffffff
208020,ffffff
208030,ffffff
208040,ffffff
208050,ffffff
208060,ffffff
208070,ffffff
208080,ffffff
208090,ffffff
2080a0,ffffff
2080b0,000000
2080c0,000000
2080d0,000000
2080e0,000000
2080f0,000000
2080ff,000000
209000,000000
209010,000000
209020,000000
209030,000000
209040,000000
209050,000000
209060,000000
209070,000000
209080,000000
209090,000000
2090a0,000000
2090b0,000000
2090c0,000000
2090d0,000000
2090e0,000000
2090f0,000000
2090ff,000000
20a000,000000
20a010,000000
20a020,000000
20a030,000000
20a040,000000
20a050,000000
20a060,000000
20a070,000000
20a080,000000
20a090,000000
20a0a0,000000
20a0b0,000000
20a0c0,000000
20a0d0,000000
20a0e0,000000
20a0f0,000000
20a0ff,000000
20b000,000000
20b010,000000
20b020,000000
20b030,000000
20b040,000000
20b050,000000
20b060,000000
20b070,000000
20b080,000000
20b090,000000
20b0a0,000000
20b0b0,000000
20b0c0,000000
20b0d0,000000
20b0e0,000000
20b0f0,000000
20b0ff,000000
20c000,000000
20c010,000000
20c020,000000
20c030,000000
20c040,000000
20c050,000000
20c060,000000
20c070,000000
20c080,000000
20c090,000000
20c0a0,000000
20c0b0,000000
20c0c0,000000
20c0d0,000000
20c0e0,000000
20c0f0,000000
20c0ff,000000
20d000,000000
20d010,000000
20d020,000000
20d030,000000
20d040,000000
20d050,000000
20d060,000000
20d070,000000
20d080,000000
20d090,000000
20d0a0,000000
20d0b0,000000
20d0c0,000000
20d0d0,000000
20d0e0,000000
20d0f0,000000
20d0ff,000000
20e000,000000
20e010,000000
20e020,000000
20e030,000000
20e040,000000
20e050,000000
20e060,000000
20e070,000000
20e080,000000
20e090,000000
20e0a0,000000
20e0b0,000000
20e0c0,000000
20e0d0,000000
20e0e0,000000
20e0f0,000000
20e0ff,000000
20f000,000000
20f010,000000
20f020,000000
20f030,000000
20f040,000000
20f050,000000
20f060,000000
20f070,000000
20f080,000000
20f090,000000
20f0a0,000000
20f0b0,000000
20f0c0,000000
20f0d0,000000
20f0e0,000000
20f0f0,000000
20f0ff,000000
20ff00,000000
20ff10,000000
20ff20,000000
20ff30,000000
20ff40,000000
20ff50,000000
20ff60,000000
20ff70,000000
20ff80,000000
20ff90,000000
20ffa0,000000
20ffb0,000000
20ffc0,000000
20ffd0,000000
20ffe0,000000
20fff0,000000
20ffff,000000
300000,ffffff
300010,ffffff
300020,ffffff
300030,ffffff
300040,ffffff
300050,ffffff
300060,ffffff
300070,ffffff
300080,ffffff
300090,ffffff
3000a0,ffffff
3000b0,ffffff
3000c0,ffffff
3000d0,ffffff
3000e0,ffffff
3000f0,ffffff
3000ff,ffffff
301000,ffffff
301010,ffffff
301020,ffffff
301030,ffffff
301040,ffffff
301050,ffffff
301060,ffffff
301070,ffffff
301080,ffffff
301090,ffffff
3010a0,ffffff
3010b0,ffffff
3010c0,ffffff
3010d0,ffffff
3010e0,ffffff
3010f0,ffffff
3010ff,ffffff
302000,ffffff
302010,ffffff
302020,ffffff
302030,ffffff
302040,ffffff
302050,ffffff
302060,ffffff
302070,ffffff
302080,ffffff
302090,ffffff
3020a0,ffffff
3020b0,ffffff
3020c0,ffffff
3020d0,ffffff
3020e0,ffffff
3020f0,ffffff
3020ff,ffffff
303000,ffffff
303010,ffffff
303020,ffffff
303030,ffffff
303040,ffffff
303050,ffffff
303060,ffffff
303070,ffffff
303080,ffffff
303090,ffffff
3030a0,ffffff
3030b0,ffffff
3030c0,ffffff
3030d0,ffffff
3030e0,ffffff
3030f0,ffffff
3030ff,ffffff
304000,ffffff
304010,ffffff
304020,ffffff
304030,ffffff
304040,ffffff
304050,ffffff
304060,ffffff
304070,ffffff
304080,ffffff
304090,ffffff
3040a0,ffffff
3040b0,ffffff
3040c0,ffffff
3040d0,ffffff
3040e0,ffffff
3040f0,ffffff
3040ff,ffffff
305000,ffffff
305010,ffffff
305020,ffffff
305030,ffffff
305040,ffffff
305050,ffffff
305060,ffffff
305070,ffffff
305080,ffffff
305090,ffffff
3050a0,ffffff
3050b0,ffffff
3050c0,ffffff
3050d0,ffffff
3050e0,ffffff
3050f0,ffffff
3050ff,ffffff
306000,ffffff
306010,ffffff
306020,ffffff
306030,ffffff
306040,ffffff
306050,ffffff
306060,ffffff
306070,ffffff
306080,ffffff
306090,ffffff
3060a0,ffffff
3060b0,ffffff
3060c0,ffffff
3060d0,ffffff
3060e0,ffffff
3060f0,ffffff
3060ff,ffffff
307000,ffffff
307010,ffffff
307020,ffffff
307030,ffffff
307040,ffffff
307050,ffffff
307060,ffffff
307070,ffffff
307080,ffffff
307090,ffffff
3070a0,ffffff
3070b0,ffffff
3070c0,ffffff
3070d0,ffffff
3070e0,ffffff
3070f0,000000
3070ff,000000
308000,ffffff
308010,ffffff
308020,ffffff
308030,ffffff
308040,ffffff
308050,ffffff
308060,ffffff
308070,ffffff
308080,ffffff
308090,ffffff
3080a0,000000
3080b0,000000
3080c0,000000
3080d0,000000
3080e0,000000
3080f0,000000
3080ff,000000
309000,000000
309010,000000
309020,000000
309030,000000
309040,000000
309050,000000
309060,000000
309070,000000
309080,000000
309090,000000
3090a0,000000
3090b0,000000
3090c0,000000
3090d0,000000
3090e0,000000
3090f0,000000
3090ff,000000
30a000,000000
30a010,000000
30a020,000000
30a030,000000
30a040,000000
30a050,000000
30a060,000000
30a070,000000
30a080,000000
30a090,000000
30a0a0,000000
30a0b0,000000
30a0c0,000000
30a0d0,000000
30a0e0,000000
30a0f0,000000
30a0ff,000000
30b000,000000
30b010,000000
30b020,000000
30b030,000000
30b040,000000
30b050,000000
30b060,000000
30b070,000000
30b080,000000
30b090,000000
30b0a0,000000
30b0b0,000000
30b0c0,000000
30b0d0,000000
30b0e0,000000
30b0f0,000000
30b0ff,000000
30c000,000000
30c010,000000
30c020,000000
30c030,000000
30c040,000000
30c050,000000
30c060,000000
30c070,000000
30c080,000000
30c090,000000
30c0a0,000000
30c0b0,000000
30c0c0,000000
30c0d0,000000
30c0e0,000000
30c0f0,000000
30c0ff,000000
30d000,000000
30d010,000000
30d020,000000
30d030,000000
30d040,000000
30d050,000000
30d060,000000
30d070,000000
30d080,000000
30d090,000000
30d0a0,000000
30d0b0,000000
30d0c0,000000
30d0d0,000000
30d0e0,000000
30d0f0,000000
30d0ff,000000
30e000,000000
30e010,000000
30e020,000000
30e030,000000
30e040,000000
30e050,000000
30e060,000000
30e070,000000
30e080,000000
30e090,000000
30e0a0,000000
30e0b0,000000
30e0c0,000000
30e0d0,000000
30e0e0,000000
30e0f0,000000
30e0ff,000000
30f000,000000
30f010,000000
30f020,000000
30f030,000000
30f040,000000
30f050,000000
30f060,000000
30f070,000000
30f080,000000
30f090,000000
30f0a0,000000
30f0b0,000000
30f0c0,000000
30f0d0,000000
30f0e0,000000
30f0f0,000000
30f0ff,000000
30ff00,000000
30ff10,000000
30ff20,000000
30ff30,000000
30ff40,000000
30ff50,000000
30ff60,000000
30ff70,000000
30ff80,000000
30ff90,000000
30ffa0,000000
30ffb0,000000
30ffc0,000000
30ffd0,000000
30ffe0,000000
30fff0,000000
30ffff,000000
400000,ffffff
400010,ffffff
400020,ffffff
400030,ffffff
400040,ffffff
400050,ffffff
400060,ffffff
400070,ffffff
400080,ffffff
400090,ffffff
4000a0,ffffff
4000b0,ffffff
4000c0,ffffff
4000d0,ffffff
4000e0,ffffff
4000f0,ffffff
4000ff,ffffff
401000,ffffff
401010,ffffff
401020,ffffff
401030,ffffff
401040,ffffff
401050,ffffff
401060,ffffff
401070,ffffff
401080,ffffff
401090,ffffff
4010a0,ffffff
4010b0,ffffff
4010c0,ffffff
4010d0,ffffff
4010e0,ffffff
4010f0,ffffff
4010ff,ffffff
402000,ffffff
402010,ffffff
402020,ffffff
402030,ffffff
402040,ffffff
402050,ffffff
402060,ffffff
402070,ffffff
402080,ffffff
402090,ffffff
4020a0,ffffff
4020b0,ffffff
4020c0,ffffff
4020d0,ffffff
4020e0,ffffff
4020f0,ffffff
4020ff,ffffff
403000,ffffff
403010,ffffff
403020,ffffff
403030,ffffff
403040,ffffff
403050,ffffff
403060,ffffff
403070,ffffff
403080,ffffff
403090,ffffff
4030a0,ffffff
4030b0,ffffff
4030c0,ffffff
4030d0,ffffff
4030e0,ffffff
4030f0,ffffff
4030ff,ffffff
404000,ffffff
404010,ffffff
404020,ffffff
404030,ffffff
404040,ffffff
404050,ffffff
404060,ffffff
404070,ffffff
404080,ffffff
404090,ffffff
4040a0,ffffff
4040b0,ffffff
4040c0,ffffff
4040d0,ffffff
4040e0,ffffff
4040f0,ffffff
4040ff,ffffff
405000,ffffff
405010,ffffff
405020,ffffff
405030,ffffff
405040,ffffff
405050,ffffff
405060,ffffff
405070,ffffff
405080,ffffff
405090,ffffff
4050a0,ffffff
4050b0,ffffff
4050c0,ffffff
4050d0,ffffff
4050e0,ffffff
4050f0,ffffff
4050ff,ffffff
406000,ffffff
406010,ffffff
406020,ffffff
406030,ffffff
406040,ffffff
406050,ffffff
406060,ffffff
406070,ffffff
406080,ffffff
406090,ffffff
4060a0,ffffff
4060b0,ffffff
4060c0,ffffff
4060d0,ffffff
4060e0,ffffff
4060f0,ffffff
4060ff,ffffff
407000,ffffff
407010,ffffff
407020,ffffff
407030,ffffff
407040,ffffff
407050,ffffff
407060,ffffff
407070,ffffff
407080,ffffff
407090,ffffff
4070a0,ffffff
4070b0,ffffff
4070c0,ffffff
4070d0,ffffff
4070e0,ffffff
4070f0,000000
4070ff,000000
408000,ffffff
408010,ffffff
408020,ffffff
408030,ffffff
408040,ffffff
408050,ffffff
408060,ffffff
408070,ffffff
408080,ffffff
408090,000000
4080a0,000000
4080b0,000000
4080c0,000000
4080d0,000000
4080e0,000000
4080f0,000000
4080ff,000000
409000,000000
409010,000000
409020,000000
409030,000000
409040,000000
409050,000000
409060,000000
409070,000000
409080,000000
409090,000000
4090a0,000000
4090b0,000000
4090c0,000000
4090d0,000000
4090e0,000000
4090f0,000000
4090ff,000000
40a000,000000
40a010,000000
40a020,000000
40a030,000000
40a040,000000
40a050,000000
40a060,000000
40a070,000000
40a080,000000
40a090,000000
40a0a0,000000
40a0b0,000000
40a0c0,000000
40a0d0,000000
40a0e0,000000
40a0f0,000000
40a0ff,000000
40b000,000000
40b010,000000
40b020,000000
40b030,000000
40b040,000000
40b050,000000
40b060,000000
40b070,000000
40b080,000000
40b090,000000
40b0a0,000000
40b0b0,000000
40b0c0,000000
40b0d0,000000
40b0e0,000000
40b0f0,000000
40b0ff,000000
40c000,000000
40c010,000000
40c020,000000
40c030,000000
40c040,000000
40c050,000000
40c060,000000
40c070,000000
40c080,000000
40c090,000000
40c0a0,000000
40c0b0,000000
40c0c0,000000
40c0d0,000000
40c0e0,000000
40c0f0,000000
40c0ff,000000
40d000,000000
40d010,000000
40d020,000000
40d030,000000
40d040,000000
40d050,000000
40d060,000000
40d070,000000
40d080,000000
40d090,000000
40d0a0,000000
40d0b0,000000
40d0c0,000000
40d0d0,000000
40d0e0,000000
40d0f0,000000
40d0ff,000000
40e000,000000
40e010,000000
40e020,000000
40e030,000000
40e040,000000
40e050,000000
40e060,000000
40e070,000000
40e080,000000
40e090,000000
40e0a0,000000
40e0b0,000000
40e0c0,000000
40e0d0,000000
40e0e0,000000
40e0f0,000000
40e0ff,000000
40f000,000000
40f010,000000
40f020,000000
40f030,000000
40f040,000000
40f050,000000
40f060,000000
40f070,000000
40f080,000000
40f090,000000
40f0a0,000000
40f0b0,000000
40f0c0,000000
40f0d0,000000
40f0e0,000000
40f0f0,000000
40f0ff,000000
40ff00,000000
40ff10,000000
40ff20,000000
40ff30,000000
40ff40,000000
40ff50,000000
40ff60,000000
40ff70,000000
40ff80,000000
40ff90,000000
40ffa0,000000
40ffb0,000000
40ffc0,000000
40ffd0,000000
40ffe0,000000
40fff0,000000
40ffff,000000
500000,ffffff
500010,ffffff
500020,ffffff
500030,ffffff
500040,ffffff
500050,ffffff
500060,ffffff
500070,ffffff
500080,ffffff
500090,ffffff
5000a0,ffffff
5000b0,ffffff
5000c0,ffffff
5000d0,ffffff
5000e0,ffffff
5000f0,ffffff
5000ff,ffffff
501000,ffffff
501010,ffffff
501020,ffffff
501030,ffffff
501040,ffffff
501050,ffffff
501060,ffffff
501070,ffffff
501080,ffffff
501090,ffffff
5010a0,ffffff
5010b0,ffffff
5010c0,ffffff
5010d0,ffffff
5010e0,ffffff
5010f0,ffffff
5010ff,ffffff
502000,ffffff
502010,ffffff
502020,ffffff
502030,ffffff
502040,ffffff
502050,ffffff
502060,ffffff
502070,ffffff
502080,ffffff
502090,ffffff
5020a0,ffffff
5020b0,ffffff
5020c0,ffffff
5020d0,ffffff
5020e0,ffffff
5020f0,ffffff
5020ff,ffffff
503000,ffffff
503010,ffffff
503020,ffffff
503030,ffffff
503040,ffffff
503050,ffffff
503060,ffffff
503070,ffffff
503080,ffffff
503090,ffffff
5030a0,ffffff
5030b0,ffffff
5030c0,ffffff
5030d0,ffffff
5030e0,ffffff
5030f0,ffffff
5030ff,ffffff
504000,ffffff
504010,ffffff
504020,ffffff
504030,ffffff
504040,ffffff
504050,ffffff
504060,ffffff
504070,ffffff
504080,ffffff
504090,ffffff
5040a0,ffffff
5040b0,ffffff
5040c0,ffffff
5040d0,ffffff
5040e0,ffffff
5040f0,ffffff
5040ff,ffffff
505000,ffffff
505010,ffffff
505020,ffffff
505030,ffffff
505040,ffffff
505050,ffffff
505060,ffffff
505070,ffffff
505080,ffffff
505090,ffffff
5050a0,ffffff
5050b0,ffffff
5050c0,ffffff
5050d0,ffffff
5050e0,ffffff
5050f0,ffffff
5050ff,ffffff
506000,ffffff
506010,ffffff
506020,ffffff
506030,ffffff
506040,ffffff
506050,ffffff
506060,ffffff
506070,ffffff
506080,ffffff
506090,ffffff
5060a0,ffffff
5060b0,ffffff
5060c0,ffffff
5060d0,ffffff
5060e0,ffffff
5060f0,ffffff
5060ff,ffffff
507000,ffffff
507010,ffffff
507020,ffffff
507030,ffffff
507040,ffffff
507050,ffffff
507060,ffffff
507070,ffffff
507080,ffffff
507090,ffffff
5070a0,ffffff
5070b0,ffffff
5070c0,ffffff
5070d0,ffffff
5070e0,000000
5070f0,000000
5070ff,000000
508000,ffffff
508010,ffffff
508020,ffffff
508030,ffffff
508040,ffffff
508050,ffffff
508060,ffffff
508070,ffffff
508080,000000
508090,000000
5080a0,000000
5080b0,000000
5080c0,000000
5080d0,000000
5080e0,000000
5080f0,000000
5080ff,000000
509000,000000
509010,000000
509020,000000
509030,000000
509040,000000
509050,000000
509060,000000
509070,000000
509080,000000
509090,000000
5090a0,000000
5090b0,000000
5090c0,000000
5090d0,000000
5090e0,000000
5090f0,000000
5090ff,000000
50a000,000000
50a010,000000
50a020,000000
50a030,000000
50a040,000000
50a050,000000
50a060,000000
50a070,000000
50a080,000000
50a090,000000
50a0a0,000000
50a0b0,000000
50a0c0,000000
50a0d0,000000
50a0e0,000000
50a0f0,000000
50a0ff,000000
50b000,000000
50b010,000000
50b020,000000
50b030,000000
50b040,000000
50b050,000000
50b060,000000
50b070,000000
50b080,000000
50b090,000000
50b0a0,000000
50b0b0,000000
50b0c0,000000
50b0d0,000000
50b0e0,000000
50b0f0,000000
50b0ff,000000
50c000,000000
50c010,000000
50c020,000000
50c030,000000
50c040,000000
50c050,000000
50c060,000000
50c070,000000
50c080,000000
50c090,000000
50c0a0,000000
50c0b0,000000
50c0c0,000000
50c0d0,000000
50c0e0,000000
50c0f0,000000
50c0ff,000000
50d000,000000
50d010,000000
50d020,000000
50d030,000000
50d040,000000
50d050,000000
50d060,000000
50d070,000000
50d080,000000
50d090,000000
50d0a0,000000
50d0b0,000000
50d0c0,000000
50d0d0,000000
50d0e0,000000
50d0f0,000000
50d0ff,000000
50e000,000000
50e010,000000
50e020,000000
50e030,000000
50e040,000000
50e050,000000
50e060,000000
50e070,000000
50e080,000000
50e090,000000
50e0a0,000000
50e0b0,000000
50e0c0,000000
50e0d0,000000
50e0e0,000000
50e0f0,000000
50e0ff,000000
50f000,000000
50f010,000000
50f020,000000
50f030,000000
50f040,000000
50f050,000000
50f060,000000
50f070,000000
50f080,000000
50f090,000000
50f0a0,000000
50f0b0,000000
50f0c0,000000
50f0d0,000000
50f0e0,000000
50f0f0,000000
50f0ff,000000
50ff00,000000
50ff10,000000
50ff20,000000
50ff30,000000
50ff40,000000
50ff50,000000
50ff60,000000
50ff70,000000
50ff80,000000
50ff90,000000
50ffa0,000000
50ffb0,000000
50ffc0,000000
50ffd0,000000
50ffe0,000000
50fff0,000000
50ffff,000000
600000,ffffff
600010,ffffff
600020,ffffff
600030,ffffff
600040,ffffff
600050,ffffff
600060,ffffff
600070,ffffff
600080,ffffff
600090,ffffff
6000a0,ffffff
6000b0,ffffff
6000c0,ffffff
6000d0,ffffff
6000e0,ffffff
6000f0,ffffff
6000ff,ffffff
601000,ffffff
601010,ffffff
601020,ffffff
601030,ffffff
601040,ffffff
601050,ffffff
601060,ffffff
601070,ffffff
601080,ffffff
601090,ffffff
6010a0,ffffff
6010b0,ffffff
6010c0,ffffff
6010d0,ffffff
6010e0,ffffff
6010f0,ffffff
6010ff,ffffff
602000,ffffff
602010,ffffff
602020,ffffff
602030,ffffff
602040,ffffff
602050,ffffff
602060,ffffff
602070,ffffff
602080,ffffff
602090,ffffff
6020a0,ffffff
6020b0,ffffff
6020c0,ffffff
6020d0,ffffff
6020e0,ffffff
6020f0,ffffff
6020ff,ffffff
603000,ffffff
603010,ffffff
603020,ffffff
603030,ffffff
603040,ffffff
603050,ffffff
603060,ffffff
603070,ffffff
603080,ffffff
603090,ffffff
6030a0,ffffff
6030b0,ffffff
6030c0,ffffff
6030d0,ffffff
6030e0,ffffff
6030f0,ffffff
6030ff,ffffff
604000,ffffff
604010,ffffff
604020,ffffff
604030,ffffff
604040,ffffff
604050,ffffff
604060,ffffff
604070,ffffff
604080,ffffff
604090,ffffff
6040a0,ffffff
6040b0,ffffff
6040c0,ffffff
6040d0,ffffff
6040e0,ffffff
6040f0,ffffff
6040ff,ffffff
605000,ffffff
605010,ffffff
605020,ffffff
605030,ffffff
605040,ffffff
605050,ffffff
605060,ffffff
605070,ffffff
605080,ffffff
605090,ffffff
6050a0,ffffff
6050b0,ffffff
6050c0,ffffff
6050d0,ffffff
6050e0,ffffff
6050f0,ffffff
6050ff,ffffff
606000,ffffff
606010,ffffff
606020,ffffff
606030,ffffff
606040,ffffff
606050,ffffff
606060,ffffff
606070,ffffff
606080,ffffff
606090,ffffff
6060a0,ffffff
6060b0,ffffff
6060c0,ffffff
6060d0,ffffff
6060e0,ffffff
6060f0,ffffff
6060ff,ffffff
607000,ffffff
607010,ffffff
607020,ffffff
607030,ffffff
607040,ffffff
607050,ffffff
607060,ffffff
607070,ffffff
607080,ffffff
607090,ffffff
6070a0,ffffff
6070b0,ffffff
6070c0,ffffff
6070d0,000000
6070e0,000000
6070f0,000000
6070ff,000000
608000,ffffff
608010,ffffff
608020,ffffff
608030,ffffff
608040,ffffff
608050,000000
608060,000000
608070,000000
608080,000000
608090,000000
6080a0,000000
6080b0,000000
6080c0,000000
6080d0,000000
6080e0,000000
6080f0,000000
6080ff,000000
609000,000000
609010,000000
609020,000000
609030,000000
609040,000000
609050,000000
609060,000000
609070,000000
609080,000000
609090,000000
6090a0,000000
6090b0,000000
6090c0,000000
6090d0,000000
6090e0,000000
6090f0,000000
6090ff,000000
60a000,000000
60a010,000000
60a020,000000
60a030,000000
60a040,000000
60a050,000000
60a060,000000
60a070,000000
60a080,000000
60a090,000000
60a0a0,000000
60a0b0,000000
60a0c0,000000
60a0d0,000000
60a0e0,000000
60a0f0,000000
60a0ff,000000
60b000,000000
60b010,000000
60b020,000000
60b030,000000
60b040,000000
60b050,000000
60b060,000000
60b070,000000
60b080,000000
60b090,000000
60b0a0,000000
60b0b0,000000
60b0c0,000000
60b0d0,000000
60b0e0,000000
60b0f0,000000
60b0ff,000000
60c000,000000
60c010,000000
60c020,000000
60c030,000000
60c040,000000
60c050,000000
60c060,000000
60c070,000000
60c080,000000
60c090,000000
60c0a0,000000
60c0b0,000000
60c0c0,000000
60c0d0,000000
60c0e0,000000
60c0f0,000000
60c0ff,000000
60d000,000000
60d010,000000
60d020,000000
60d030,000000
60d040,000000
60d050,000000
60d060,000000
60d070,000000
60d080,000000
60d090,000000
60d0a0,000000
60d0b0,000000
60d0c0,000000
60d0d0,000000
60d0e0,000000
60d0f0,000000
60d0ff,000000
60e000,000000
60e010,000000
60e020,000000
60e030,000000
60e040,000000
60e050,000000
60e060,000000
60e070,000000
60e080,000000
60e090,000000
60e0a0,000000
60e0b0,000000
60e0c0,000000
60e0d0,000000
60e0e0,000000
60e0f0,000000
60e0ff,000000
60f000,000000
60f010,000000
60f020,000000
60f030,000000
60f040,000000
60f050,000000
60f060,000000
60f070,000000
60f080,000000
60f090,000000
60f0a0,000000
60f0b0,000000
60f0c0,000000
60f0d0,000000
60f0e0,000000
60f0f0,000000
60f0ff,000000
60ff00,000000
60ff10,000000
60ff20,000000
60ff30,000000
60ff40,000000
60ff50,000000
60ff60,000000
60ff70,000000
60ff80,000000
60ff90,000000
60ffa0,000000
60ffb0,000000
60ffc0,000000
60ffd0,000000
60ffe0,000000
60fff0,000000
60ffff,000000
700000,ffffff
700010,ffffff
700020,ffffff
700030,ffffff
700040,ffffff
700050,ffffff
700060,ffffff
700070,ffffff
700080,ffffff
700090,ffffff
7000a0,ffffff
7000b0,ffffff
7000c0,ffffff
7000d0,ffffff
7000e0,ffffff
7000f0,ffffff
7000ff,ffffff
701000,ffffff
701010,ffffff
701020,ffffff
701030,ffffff
701040,ffffff
701050,ffffff
701060,ffffff
701070,ffffff
701080,ffffff
701090,ffffff
7010a0,ffffff
7010b0,ffffff
7010c0,ffffff
7010d0,ffffff
7010e0,ffffff
7010f0,ffffff
7010ff,ffffff
702000,ffffff
702010,ffffff
702020,ffffff
702030,ffffff
702040,ffffff
702050,ffffff
702060,ffffff
702070,ffffff
702080,ffffff
702090,ffffff
7020a0,ffffff
7020b0,ffffff
7020c0,ffffff
7020d0,ffffff
7020e0,ffffff
7020f0,ffffff
7020ff,ffffff
703000,ffffff
703010,ffffff
703020,ffffff
703030,ffffff
703040,ffffff
703050,ffffff
703060,ffffff
703070,ffffff
703080,ffffff
703090,ffffff
7030a0,ffffff
7030b0,ffffff
7030c0,ffffff
7030d0,ffffff
7030e0,ffffff
7030f0,ffffff
7030ff,ffffff
704000,ffffff
704010,ffffff
704020,ffffff
704030,ffffff
704040,ffffff
704050,ffffff
704060,ffffff
704070,ffffff
704080,ffffff
704090,ffffff
7040a0,ffffff
7040b0,ffffff
7040c0,ffffff
7040d0,ffffff
7040e0,ffffff
7040f0,ffffff
7040ff,ffffff
705000,ffffff
705010,ffffff
705020,ffffff
705030,ffffff
705040,ffffff
705050,ffffff
705060,ffffff
705070,ffffff
705080,ffffff
705090,ffffff
7050a0,ffffff
7050b0,ffffff
7050c0,ffffff
7050d0,ffffff
7050e0,ffffff
7050f0,ffffff
7050ff,ffffff
706000,ffffff
706010,ffffff
706020,ffffff
706030,ffffff
706040,ffffff
706050,ffffff
706060,ffffff
706070,ffffff
706080,ffffff
706090,ffffff
7060a0,ffffff
7060b0,ffffff
7060c0,ffffff
7060d0,ffffff
7060e0,ffffff
7060f0,ffffff
7060ff,000000
707000,ffffff
707010,ffffff
707020,ffffff
707030,ffffff
707040,ffffff
707050,ffffff
707060,ffffff
707070,ffffff
707080,ffffff
707090,ffffff
7070a0,ffffff
7070b0,ffffff
7070c0,000000
7070d0,000000
7070e0,000000
7070f0,000000
7070ff,000000
708000,000000
708010,000000
708020,000000
708030,000000
708040,000000
708050,000000
708060,000000
708070,000000
708080,000000
708090,000000
7080a0,000000
7080b0,000000
7080c0,000000
7080d0,000000
7080e0,000000
7080f0,000000
7080ff,000000
709000,000000
709010,000000
709020,000000
709030,000000
709040,000000
709050,000000
709060,000000
709070,000000
709080,000000
709090,000000
7090a0,000000
7090b0,000000
7090c0,000000
7090d0,000000
7090e0,000000
7090f0,000000
7090ff,000000
70a000,000000
70a010,000000
70a020,000000
70a030,000000
70a040,000000
70a050,000000
70a060,000000
70a070,000000
70a080,000000
70a090,000000
70a0a0,000000
70a0b0,000000
70a0c0,000000
70a0d0,000000
70a0e0,000000
70a0f0,000000
70a0ff,000000
70b000,000000
70b010,000000
70b020,000000
70b030,000000
70b040,000000
70b050,000000
70b060,000000
70b070,000000
70b080,000000
70b090,000000
70b0a0,000000
70b0b0,000000
70b0c0,000000
70b0d0,000000
70b0e0,000000
70b0f0,000000
70b0ff,000000
70c000,000000
70c010,000000
70c020,000000
70c030,000000
70c040,000000
70c050,000000
70c060,000000
70c070,000000
70c080,000000
70c090,000000
70c0a0,000000
70c0b0,000000
70c0c0,000000
70c0d0,000000
70c0e0,000000
70c0f0,000000
70c0ff,000000
70d000,000000
70d010,000000
70d020,000000
70d030,000000
70d040,000000
70d050,000000
70d060,000000
70d070,000000
70d080,000000
70d090,000000
70d0a0,000000
70d0b0,000000
70d0c0,000000
70d0d0,000000
70d0e0,000000
70d0f0,000000
70d0ff,000000
70e000,000000
70e010,000000
70e020,000000
70e030,000000
70e040,000000
70e050,000000
70e060,000000
70e070,000000
70e080,000000
70e090,000000
70e0a0,000000
70e0b0,000000
70e0c0,000000
70e0d0,000000
70e0e0,000000
70e0f0,000000
70e0ff,000000
70f000,000000
70f010,000000
70f020,000000
70f030,000000
70f040,000000
70f050,000000
70f060,000000
70f070,000000
70f080,000000
70f090,000000
70f0a0,000000
70f0b0,000000
70f0c0,000000
70f0d0,000000
70f0e0,000000
70f0f0,000000
70f0ff,000000
70ff00,000000
70ff10,000000
70ff20,000000
70ff30,000000
70ff40,000000
70ff50,000000
70ff60,000000
70ff70,000000
70ff80,000000
70ff90,000000
70ffa0,000000
70ffb0,000000
70ffc0,000000
70ffd0,000000
70ffe0,000000
70fff0,000000
70ffff,000000
800000,ffffff
800010,ffffff
800020,ffffff
800030,ffffff
800040,ffffff
800050,ffffff
800060,ffffff
800070,ffffff
800080,ffffff
800090,ffffff
8000a0,ffffff
8000b0,ffffff
8000c0,ffffff
8000d0,ffffff
8000e0,ffffff
8000f0,ffffff
8000ff,ffffff
801000,ffffff
801010,ffffff
801020,ffffff
801030,ffffff
801040,ffffff
801050,ffffff
801060,ffffff
801070,ffffff
801080,ffffff
801090,ffffff
8010a0,ffffff
8010b0,ffffff
8010c0,ffffff
8010d0,ffffff
8010e0,ffffff
8010f0,ffffff
8010ff,ffffff
802000,ffffff
802010,ffffff
802020,ffffff
802030,ffffff
802040,ffffff
802050,ffffff
802060,ffffff
802070,ffffff
802080,ffffff
802090,ffffff
8020a0,ffffff
8020b0,ffffff
8020c0,ffffff
8020d0,ffffff
8020e0,ffffff
8020f0,ffffff
8020ff,ffffff
803000,ffffff
803010,ffffff
803020,ffffff
803030,ffffff
803040,ffffff
803050,ffffff
803060,ffffff
803070,ffffff
803080,ffffff
803090,ffffff
8030a0,ffffff
8030b0,ffffff
8030c0,ffffff
8030d0,ffffff
8030e0,ffffff
8030f0,ffffff
8030ff,ffffff
804000,ffffff
804010,ffffff
804020,ffffff
804030,ffffff
804040,ffffff
804050,ffffff
804060,ffffff
804070,ffffff
804080,ffffff
804090,ffffff
8040a0,ffffff
8040b0,ffffff
8040c0,ffffff
8040d0,ffffff
8040e0,ffffff
8040f0,ffffff
8040ff,ffffff
805000,ffffff
805010,ffffff
805020,ffffff
805030,ffffff
805040,ffffff
805050,ffffff
805060,ffffff
805070,ffffff
805080,ffffff
805090,ffffff
8050a0,ffffff
8050b0,ffffff
8050c0,ffffff
8050d0,ffffff
8050e0,ffffff
8050f0,ffffff
8050ff,ffffff
806000,ffffff
806010,ffffff
806020,ffffff
806030,ffffff
806040,ffffff
806050,ffffff
806060,ffffff
806070,ffffff
806080,ffffff
806090,ffffff
8060a0,ffffff
8060b0,ffffff
8060c0,ffffff
8060d0,ffffff
8060e0,000000
8060f0,000000
8060ff,000000
807000,ffffff
807010,ffffff
807020,ffffff
807030,ffffff
807040,ffffff
807050,ffffff
807060,ffffff
807070,ffffff
807080,ffffff
807090,ffffff
8070a0,000000
8070b0,000000
8070c0,000000
8070d0,000000
8070e0,000000
8070f0,000000
8070ff,000000
808000,000000
808010,000000
808020,000000
808030,000000
808040,000000
808050,000000
808060,000000
808070,000000
808080,000000
808090,000000
8080a0,000000
8080b0,000000
8080c0,000000
8080d0,000000
8080e0,000000
8080f0,000000
8080ff,000000
809000,000000
809010,000000
809020,000000
809030,000000
809040,000000
809050,000000
809060,000000
809070,000000
809080,000000
809090,000000
8090a0,000000
8090b0,000000
8090c0,000000
8090d0,000000
8090e0,000000
8090f0,000000
8090ff,000000
80a000,000000
80a010,000000
80a020,000000
80a030,000000
80a040,000000
80a050,000000
80a060,000000
80a070,000000
80a080,000000
80a090,000000
80a0a0,000000
80a0b0,000000
80a0c0,000000
80a0d0,000000
80a0e0,000000
80a0f0,000000
80a0ff,000000
80b000,000000
80b010,000000
80b020,000000
80b030,000000
80b040,000000
80b050,000000
80b060,000000
80b070,000000
80b080,000000
80b090,000000
80b0a0,000000
80b0b0,000000
80b0c0,000000
80b0d0,000000
80b0e0,000000
80b0f0,000000
80b0ff,000000
80c000,000000
80c010,000000
80c020,000000
80c030,000000
80c040,000000
80c050,000000
80c060,000000
80c070,000000
80c080,000000
80c090,000000
80c0a0,000000
80c0b0,000000
80c0c0,000000
80c0d0,000000
80c0e0,000000
80c0f0,000000
80c0ff,000000
80d000,000000
80d010,000000
80d020,000000
80d030,000000
80d040,000000
80d050,000000
80d060,000000
80d070,000000
80d080,000000
80d090,000000
80d0a0,000000
80d0b0,000000
80d0c0,000000
80d0d0,000000
80d0e0,000000
80d0f0,000000
80d0ff,000000
80e000,000000
80e010,000000
80e020,000000
80e030,000000
80e040,000000
80e050,000000
80e060,000000
80e070,000000
80e080,000000
80e090,000000
80e0a0,000000
80e0b0,000000
80e0c0,000000
80e0d0,000000
80e0e0,000000
80e0f0,000000
80e0ff,000000
80f000,000000
80f010,000000
80f020,000000
80f030,000000
80f040,000000
80f050,000000
80f060,000000
80f070,000000
80f080,000000
80f090,000000
80f0a0,000000
80f0b0,000000
80f0c0,000000
80f0d0,000000
80f0e0,000000
80f0f0,000000
80f0ff,000000
80ff00,000000
80ff10,000000
80ff20,000000
80ff30,000000
80ff40,000000
80ff50,000000
80ff60,000000
80ff70,000000
80ff80,000000
80ff90,000000
80ffa0,000000
80ffb0,000000
80ffc0,000000
80ffd0,000000
80ffe0,000000
80fff0,000000
80ffff,000000
900000,ffffff
900010,ffffff
900020,ffffff
900030,ffffff
900040,ffffff
900050,ffffff
900060,ffffff
900070,ffffff
900080,ffffff
900090,ffffff
9000a0,ffffff
9000b0,ffffff
9000c0,ffffff
9000d0,ffffff
9000e0,ffffff
9000f0,ffffff
9000ff,ffffff
901000,ffffff
901010,ffffff
901020,ffffff
901030,ffffff
901040,ffffff
901050,ffffff
901060,ffffff
901070,ffffff
901080,ffffff
901090,ffffff
9010a0,ffffff
9010b0,ffffff
9010c0,ffffff
9010d0,ffffff
9010e0,ffffff
9010f0,ffffff
9010ff,ffffff
902000,ffffff
902010,ffffff
902020,ffffff
902030,ffffff
902040,ffffff
902050,ffffff
902060,ffffff
902070,ffffff
902080,ffffff
902090,ffffff
9020a0,ffffff
9020b0,ffffff
9020c0,ffffff
9020d0,ffffff
9020e0,ffffff
9020f0,ffffff
9020ff,ffffff
903000,ffffff
903010,ffffff
903020,ffffff
903030,ffffff
903040,ffffff
903050,ffffff
903060,ffffff
903070,ffffff
903080,ffffff
903090,ffffff
9030a0,ffffff
9030b0,ffffff
9030c0,ffffff
9030d0,ffffff
9030e0,ffffff
9030f0,ffffff
9030ff,ffffff
904000,ffffff
904010,ffffff
904020,ffffff
904030,ffffff
904040,ffffff
904050,ffffff
904060,ffffff
904070,ffffff
904080,ffffff
904090,ffffff
9040a0,ffffff
9040b0,ffffff
9040c0,ffffff
9040d0,ffffff
9040e0,ffffff
9040f0,ffffff
9040ff,ffffff
905000,ffffff
905010,ffffff
905020,ffffff
905030,ffffff
905040,ffffff
905050,ffffff
905060,ffffff
905070,ffffff
905080,ffffff
905090,ffffff
9050a0,ffffff
9050b0,ffffff
9050c0,ffffff
9050d0,ffffff
9050e0,ffffff
9050f0,ffffff
9050ff,000000
906000,ffffff
906010,ffffff
906020,ffffff
906030,ffffff
906040,ffffff
906050,ffffff
906060,ffffff
906070,ffffff
906080,ffffff
906090,ffffff
9060a0,ffffff
9060b0,ffffff
9060c0,ffffff
9060d0,000000
9060e0,000000
9060f0,000000
9060ff,000000
907000,ffffff
907010,ffffff
907020,ffffff
907030,ffffff
907040,ffffff
907050,ffffff
907060,000000
907070,000000
907080,000000
907090,000000
9070a0,000000
9070b0,000000
9070c0,000000
9070d0,000000
9070e0,000000
9070f0,000000
9070ff,000000
908000,000000
908010,000000
908020,000000
908030,000000
908040,000000
908050,000000
908060,000000
908070,000000
908080,000000
908090,000000
9080a0,000000
9080b0,000000
9080c0,000000
9080d0,000000
9080e0,000000
9080f0,000000
9080ff,000000
909000,000000
909010,000000
909020,000000
909030,000000
909040,000000
909050,000000
909060,000000
909070,000000
909080,000000
909090,000000
9090a0,000000
9090b0,000000
9090c0,000000
9090d0,000000
9090e0,000000
9090f0,000000
9090ff,000000
90a000,000000
90a010,000000
90a020,000000
90a030,000000
90a040,000000
90a050,000000
90a060,000000
90a070,000000
90a080,000000
90a090,000000
90a0a0,000000
90a0b0,000000
90a0c0,000000
90a0d0,000000
90a0e0,000000
90a0f0,000000
90a0ff,000000
90b000,000000
90b010,000000
90b020,000000
90b030,000000
90b040,000000
90b050,000000
90b060,000000
90b070,000000
90b080,000000
90b090,000000
90b0a0,000000
90b0b0,000000
90b0c0,000000
90b0d0,000000
90b0e0,000000
90b0f0,000000
90b0ff,000000
90c000,000000
90c010,000000
90c020,000000
90c030,000000
90c040,000000
90c050,000000
90c060,000000
90c070,000000
90c080,000000
90c090,000000
90c0a0,000000
90c0b0,000000
90c0c0,000000
90c0d0,000000
90c0e0,000000
90c0f0,000000
90c0ff,000000
90d000,000000
90d010,000000
90d020,000000
90d030,000000
90d040,000000
90d050,000000
90d060,000000
90d070,000000
90d080,000000
90d090,000000
90d0a0,000000
90d0b0,000000
90d0c0,000000
90d0d0,000000
90d0e0,000000
90d0f0,000000
90d0ff,000000
90e000,000000
90e010,000000
90e020,000000
90e030,000000
90e040,000000
90e050,000000
90e060,000000
90e070,000000
90e080,000000
90e090,000000
90e0a0,000000
90e0b0,000000
90e0c0,000000
90e0d0,000000
90e0e0,000000
90e0f0,000000
90e0ff,000000
90f000,000000
90f010,000000
90f020,000000
90f030,000000
90f040,000000
90f050,000000
90f060,000000
90f070,000000
90f080,000000
90f090,000000
90f0a0,000000
90f0b0,000000
90f0c0,000000
90f0d0,000000
90f0e0,000000
90f0f0,000000
90f0ff,000000
90ff00,000000
90ff10,000000
90ff20,000000
90ff30,000000
90ff40,000000
90ff50,000000
90ff60,000000
90ff70,000000
90ff80,000000
90ff90,000000
90ffa0,000000
90ffb0,000000
90ffc0,000000
90ffd0,000000
90ffe0,000000
90fff0,000000
90ffff,000000
a00000,ffffff
a00010,ffffff
a00020,ffffff
a00030,ffffff
a00040,ffffff
a00050,ffffff
a00060,ffffff
a00070,ffffff
a00080,ffffff
a00090,ffffff
a000a0,ffffff
a000b0,ffffff
a000c0,ffffff
a000d0,ffffff
a000e0,ffffff
a000f0,ffffff
a000ff,ffffff
a01000,ffffff
a01010,ffffff
a01020,ffffff
a01030,ffffff
a01040,ffffff
a01050,ffffff
a01060,ffffff
a01070,ffffff
a01080,ffffff
a01090,ffffff
a010a0,ffffff
a010b0,ffffff
a010c0,ffffff
a010d0,ffffff
a010e0,ffffff
a010f0,ffffff
a010ff,ffffff
a02000,ffffff
a02010,ffffff
a02020,ffffff
a02030,ffffff
a02040,ffffff
a02050,ffffff
a02060,ffffff
a02070,ffffff
a02080,ffffff
a02090,ffffff
a020a0,ffffff
a020b0,ffffff
a020c0,ffffff
a020d0,ffffff
a020e0,ffffff
a020f0,ffffff
a020ff,ffffff
a03000,ffffff
a03010,ffffff
a03020,ffffff
a03030,ffffff
a03040,ffffff
a03050,ffffff
a03060,ffffff
a03070,ffffff
a03080,ffffff
a03090,ffffff
a030a0,ffffff
a030b0,ffffff
a030c0,ffffff
a030d0,ffffff
a030e0,ffffff
a030f0,ffffff
a030ff,ffffff
a04000,ffffff
a04010,ffffff
a04020,ffffff
a04030,ffffff
a04040,ffffff
a04050,ffffff
a04060,ffffff
a04070,ffffff
a04080,ffffff
a04090,ffffff
a040a0,ffffff
a040b0,ffffff
a040c0,ffffff
a040d0,ffffff
a040e0,ffffff
a040f0,ffffff
a040ff,000000
a05000,ffffff
a05010,ffffff
a05020,ffffff
a05030,ffffff
a05040,ffffff
a05050,ffffff
a05060,ffffff
a05070,ffffff
a05080,ffffff
a05090,ffffff
a050a0,ffffff
a050b0,ffffff
a050c0,ffffff
a050d0,ffffff
a050e0,000000
a050f0,000000
a050ff,000000
a06000,ffffff
a06010,ffffff
a06020,ffffff
a06030,ffffff
a06040,ffffff
a06050,ffffff
a06060,ffffff
a06070,ffffff
a06080,ffffff
a06090,ffffff
a060a0,000000
a060b0,000000
a060c0,000000
a060d0,000000
a060e0,000000
a060f0,000000
a060ff,000000
a07000,000000
a07010,000000
a07020,000000
a07030,000000
a07040,000000
a07050,000000
a07060,000000
a07070,000000
a07080,000000
a07090,000000
a070a0,000000
a070b0,000000
a070c0,000000
a070d0,000000
a070e0,000000
a070f0,000000
a070ff,000000
a08000,000000
a08010,000000
a08020,000000
a08030,000000
a08040,000000
a08050,000000
a08060,000000
a08070,000000
a08080,000000
a08090,000000
a080a0,000000
a080b0,000000
a080c0,000000
a080d0,000000
a080e0,000000
a080f0,000000
a080ff,000000
a09000,000000
a09010,000000
a09020,000000
a09030,000000
a09040,000000
a09050,000000
a09060,000000
a09070,000000
a09080,000000
a09090,000000
a090a0,000000
a090b0,000000
a090c0,000000
a090d0,000000
a090e0,000000
a090f0,000000
a090ff,000000
a0a000,000000
a0a010,000000
a0a020,000000
a0a030,000000
a0a040,000000
a0a050,000000
a0a060,000000
a0a070,000000
a0a080,000000
a0a090,000000
a0a0a0,000000
a0a0b0,000000
a0a0c0,000000
a0a0d0,000000
a0a0e0,000000
a0a0f0,000000
a0a0ff,000000
a0b000,000000
a0b010,000000
a0b020,000000
a0b030,000000
a0b040,000000
a0b050,000000
a0b060,000000
a0b070,000000
a0b080,000000
a0b090,000000
a0b0a0,000000
a0b0b0,000000
a0b0c0,000000
a0b0d0,000000
a0b0e0,000000
a0b0f0,000000
a0b0ff,000000
a0c000,000000
a0c010,000000
a0c020,000000
a0c030,000000
a0c040,000000
a0c050,000000
a0c060,000000
a0c070,000000
a0c080,000000
a0c090,000000
a0c0a0,000000
a0c0b0,000000
a0c0c0,000000
a0c0d0,000000
a0c0e0,000000
a0c0f0,000000
a0c0ff,000000
a0d000,000000
a0d010,000000
a0d020,000000
a0d030,000000
a0d040,000000
a0d050,000000
a0d060,000000
a0d070,000000
a0d080,000000
a0d090,000000
a0d0a0,000000
a0d0b0,000000
a0d0c0,000000
a0d0d0,000000
a0d0e0,000000
a0d0f0,000000
a0d0ff,000000
a0e000,000000
a0e010,000000
a0e020,000000
a0e030,000000
a0e040,000000
a0e050,000000
a0e060,000000
a0e070,000000
a0e080,000000
a0e090,000000
a0e0a0,000000
a0e0b0,000000
a0e0c0,000000
a0e0d0,000000
a0e0e0,000000
a0e0f0,000000
a0e0ff,000000
a0f000,000000
a0f010,000000
a0f020,000000
a0f030,000000
a0f040,000000
a0f050,000000
a0f060,000000
a0f070,000000
a0f080,000000
a0f090,000000
a0f0a0,000000
a0f0b0,000000
a0f0c0,000000
a0f0d0,000000
a0f0e0,000000
a0f0f0,000000
a0f0ff,000000
a0ff00,000000
a0ff10,000000
a0ff20,000000
a0ff30,000000
a0ff40,000000
a0ff50,000000
a0ff60,000000
a0ff70,000000
a0ff80,000000
a0ff90,000000
a0ffa0,000000
a0ffb0,000000
a0ffc0,000000
a0ffd0,000000
a0ffe0,000000
a0fff0,000000
a0ffff,000000
b00000,ffffff
b00010,ffffff
b00020,ffffff
b00030,ffffff
b00040,ffffff
b00050,ffffff
b00060,ffffff
b00070,ffffff
b00080,ffffff
b00090,ffffff
b000a0,ffffff
b000b0,ffffff
b000c0,ffffff
b000d0,ffffff
b000e0,ffffff
b000f0,ffffff
b000ff,ffffff
b01000,ffffff
b01010,ffffff
b01020,ffffff
b01030,ffffff
b01040,ffffff
b01050,ffffff
b01060,ffffff
b01070,ffffff
b01080,ffffff
b01090,ffffff
b010a0,ffffff
b010b0,ffffff
b010c0,ffffff
b010d0,ffffff
b010e0,ffffff
b010f0,ffffff
b010ff,ffffff
b02000,ffffff
b02010,ffffff
b02020,ffffff
b02030,ffffff
b02040,ffffff
b02050,ffffff
b02060,ffffff
b02070,ffffff
b02080,ffffff
b02090,ffffff
b020a0,ffffff
b020b0,ffffff
b020c0,ffffff
b020d0,ffffff
b020e0,ffffff
b020f0,ffffff
b020ff,ffffff
b03000,ffffff
b03010,ffffff
b03020,ffffff
b03030,ffffff
b03040,ffffff
b03050,ffffff
b03060,ffffff
b03070,ffffff
b03080,ffffff
b03090,ffffff
b030a0,ffffff
b030b0,ffffff
b030c0,ffffff
b030d0,ffffff
b030e0,ffffff
b030f0,ffffff
b030ff,000000
b04000,ffffff
b04010,ffffff
b04020,ffffff
b04030,ffffff
b04040,ffffff
b04050,ffffff
b04060,ffffff
b04070,ffffff
b04080,ffffff
b04090,ffffff
b040a0,ffffff
b040b0,ffffff
b040c0,ffffff
b040d0,ffffff
b040e0,ffffff
b040f0,000000
b040ff,000000
b05000,ffffff
b05010,ffffff
b05020,ffffff
b05030,ffffff
b05040,ffffff
b05050,ffffff
b05060,ffffff
b05070,ffffff
b05080,ffffff
b05090,ffffff
b050a0,ffffff
b050b0,ffffff
b050c0,000000
b050d0,000000
b050e0,000000
b050f0,000000
b050ff,000000
b06000,ffffff
b06010,ffffff
b06020,ffffff
b06030,ffffff
b06040,ffffff
b06050,ffffff
b06060,000000
b06070,000000
b06080,000000
b06090,000000
b060a0,000000
b060b0,000000
b060c0,000000
b060d0,000000
b060e0,000000
b060f0,000000
b060ff,000000
b07000,000000
b07010,000000
b07020,000000
b07030,000000
b07040,000000
b07050,000000
b07060,000000
b07070,000000
b07080,000000
b07090,000000
b070a0,000000
b070b0,000000
b070c0,000000
b070d0,000000
b070e0,000000
b070f0,000000
b070ff,000000
b08000,000000
b08010,000000
b08020,000000
b08030,000000
b08040,000000
b08050,000000
b08060,000000
b08070,000000
b08080,000000
b08090,000000
b080a0,000000
b080b0,000000
b080c0,000000
b080d0,000000
b080e0,000000
b080f0,000000
b080ff,000000
b09000,000000
b09010,000000
b09020,000000
b09030,000000
b09040,000000
b09050,000000
b09060,000000
b09070,000000
b09080,000000
b09090,000000
b090a0,000000
b090b0,000000
b090c0,000000
b090d0,000000
b090e0,000000
b090f0,000000
b090ff,000000
b0a000,000000
b0a010,000000
b0a020,000000
b0a030,000000
b0a040,000000
b0a050,000000
b0a060,000000
b0a070,000000
b0a080,000000
b0a090,000000
b0a0a0,000000
b0a0b0,000000
b0a0c0,000000
b0a0d0,000000
b0a0e0,000000
b0a0f0,000000
b0a0ff,000000
b0b000,000000
b0b010,000000
b0b020,000000
b0b030,000000
b0b040,000000
b0b050,000000
b0b060,000000
b0b070,000000
b0b080,000000
b0b090,000000
b0b0a0,000000
b0b0b0,000000
b0b0c0,000000
b0b0d0,000000
b0b0e0,000000
b0b0f0,000000
b0b0ff,000000
b0c000,000000
b0c010,000000
b0c020,000000
b0c030,000000
b0c040,000000
b0c050,000000
b0c060,000000
b0c070,000000
b0c080,000000
b0c090,000000
b0c0a0,000000
b0c0b0,000000
b0c0c0,000000
b0c0d0,000000
b0c0e0,000000
b0c0f0,000000
b0c0ff,000000
b0d000,000000
b0d010,000000
b0d020,000000
b0d030,000000
b0d040,000000
b0d050,000000
b0d060,000000
b0d070,000000
b0d080,000000
b0d090,000000
b0d0a0,000000
b0d0b0,000000
b0d0c0,000000
b0d0d0,000000
b0d0e0,000000
b0d0f0,000000
b0d0ff,000000
b0e000,000000
b0e010,000000
b0e020,000000
b0e030,000000
b0e040,000000
b0e050,000000
b0e060,000000
b0e070,000000
b0e080,000000
b0e090,000000
b0e0a0,000000
b0e0b0,000000
b0e0c0,000000
b0e0d0,000000
b0e0e0,000000
b0e0f0,000000
b0e0ff,000000
b0f000,000000
b0f010,000000
b0f020,000000
b0f030,000000
b0f040,000000
b0f050,000000
b0f060,000000
b0f070,000000
b0f080,000000
b0f090,000000
b0f0a0,000000
b0f0b0,000000
b0f0c0,000000
b0f0d0,000000
b0f0e0,000000
b0f0f0,000000
b0f0ff,000000
b0ff00,000000
b0ff10,000000
b0ff20,000000
b0ff30,000000
b0ff40,000000
b0ff50,000000
b0ff60,000000
b0ff70,000000
b0ff80,000000
b0ff90,000000
b0ffa0,000000
b0ffb0,000000
b0ffc0,000000
b0ffd0,000000
b0ffe0,000000
b0fff0,000000
b0ffff,000000
c00000,ffffff
c00010,ffffff
c00020,ffffff
c00030,ffffff
c00040,ffffff
c00050,ffffff
c00060,ffffff
c00070,ffffff
c00080,ffffff
c00090,ffffff
c000a0,ffffff
c000b0,ffffff
c000c0,ffffff
c000d0,ffffff
c000e0,ffffff
c000f0,ffffff
c000ff,000000
c01000,ffffff
c01010,ffffff
c01020,ffffff
c01030,ffffff
c01040,ffffff
c01050,ffffff
c01060,ffffff
c01070,ffffff
c01080,ffffff
c01090,ffffff
c010a0,ffffff
c010b0,ffffff
c010c0,ffffff
c010d0,ffffff
c010e0,ffffff
c010f0,ffffff
c010ff,000000
c02000,ffffff
c02010,ffffff
c02020,ffffff
c02030,ffffff
c02040,ffffff
c02050,ffffff
c02060,ffffff
c02070,ffffff
c02080,ffffff
c02090,ffffff
c020a0,ffffff
c020b0,ffffff
c020c0,ffffff
c020d0,ffffff
c020e0,ffffff
c020f0,000000
c020ff,000000
c03000,ffffff
c03010,ffffff
c03020,ffffff
c03030,ffffff
c03040,ffffff
c03050,ffffff
c03060,ffffff
c03070,ffffff
c03080,ffffff
c03090,ffffff
c030a0,ffffff
c030b0,ffffff
c030c0,ffffff
c030d0,ffffff
c030e0,000000
c030f0,000000
c030ff,000000
c04000,ffffff
c04010,ffffff
c04020,ffffff
c04030,ffffff
c04040,ffffff
c04050,ffffff
c04060,ffffff
c04070,ffffff
c04080,ffffff
c04090,ffffff
c040a0,ffffff
c040b0,ffffff
c040c0,000000
c040d0,000000
c040e0,000000
c040f0,000000
c040ff,000000
c05000,ffffff
c05010,ffffff
c05020,ffffff
c05030,ffffff
c05040,ffffff
c05050,ffffff
c05060,ffffff
c05070,ffffff
c05080,000000
c05090,000000
c050a0,000000
c050b0,000000
c050c0,000000
c050d0,000000
c050e0,000000
c050f0,000000
c050ff,000000
c06000,000000
c06010,000000
c06020,000000
c06030,000000
c06040,000000
c06050,000000
c06060,000000
c06070,000000
c06080,000000
c06090,000000
c060a0,000000
c060b0,000000
c060c0,000000
c060d0,000000
c060e0,000000
c060f0,000000
c060ff,000000
c07000,000000
c07010,000000
c07020,000000
c07030,000000
c07040,000000
c07050,000000
c07060,000000
c07070,000000
c07080,000000
c07090,000000
c070a0,000000
c070b0,000000
c070c0,000000
c070d0,000000
c070e0,000000
c070f0,000000
c070ff,000000
c08000,000000
c08010,000000
c08020,000000
c08030,000000
c08040,000000
c08050,000000
c08060,000000
c08070,000000
c08080,000000
c08090,000000
c080a0,000000
c080b0,000000
c080c0,000000
c080d0,000000
c080e0,000000
c080f0,000000
c080ff,000000
c09000,000000
c09010,000000
c09020,000000
c09030,000000
c09040,000000
c09050,000000
c09060,000000
c09070,000000
c09080,000000
c09090,000000
c090a0,000000
c090b0,000000
c090c0,000000
c090d0,000000
c090e0,000000
c090f0,000000
c090ff,000000
c0a000,000000
c0a010,000000
c0a020,000000
c0a030,000000
c0a040,000000
c0a050,000000
c0a060,000000
c0a070,000000
c0a080,000000
c0a090,000000
c0a0a0,000000
c0a0b0,000000
c0a0c0,000000
c0a0d0,000000
c0a0e0,000000
c0a0f0,000000
c0a0ff,000000
c0b000,000000
c0b010,000000
c0b020,000000
c0b030,000000
c0b040,000000
c0b050,000000
c0b060,000000
c0b070,000000
c0b080,000000
c0b090,000000
c0b0a0,000000
c0b0b0,000000
c0b0c0,000000
c0b0d0,000000
c0b0e0,000000
c0b0f0,000000
c0b0ff,000000
c0c000,000000
c0c010,000000
c0c020,000000
c0c030,000000
c0c040,000000
c0c050,000000
c0c060,000000
c0c070,000000
c0c080,000000
c0c090,000000
c0c0a0,000000
c0c0b0,000000
c0c0c0,000000
c0c0d0,000000
c0c0e0,000000
c0c0f0,000000
c0c0ff,000000
c0d000,000000
c0d010,000000
c0d020,000000
c0d030,000000
c0d040,000000
c0d050,000000
c0d060,000000
c0d070,000000
c0d080,000000
c0d090,000000
c0d0a0,000000
c0d0b0,000000
c0d0c0,000000
c0d0d0,000000
c0d0e0,000000
c0d0f0,000000
c0d0ff,000000
c0e000,000000
c0e010,000000
c0e020,000000
c0e030,000000
c0e040,000000
c0e050,000000
c0e060,000000
c0e070,000000
c0e080,000000
c0e090,000000
c0e0a0,000000
c0e0b0,000000
c0e0c0,000000
c0e0d0,000000
c0e0e0,000000
c0e0f0,000000
c0e0ff,000000
c0f000,000000
c0f010,000000
c0f020,000000
c0f030,000000
c0f040,000000
c0f050,000000
c0f060,000000
c0f070,000000
c0f080,000000
c0f090,000000
c0f0a0,000000
c0f0b0,000000
c0f0c0,000000
c0f0d0,000000
c0f0e0,000000
c0f0f0,000000
c0f0ff,000000
c0ff00,000000
c0ff10,000000
c0ff20,000000
c0ff30,000000
c0ff40,000000
c0ff50,000000
c0ff60,000000
c0ff70,000000
c0ff80,000000
c0ff90,000000
c0ffa0,000000
c0ffb0,000000
c0ffc0,000000
c0ffd0,000000
c0ffe0,000000
c0fff0,000000
c0ffff,000000
d00000,ffffff
d00010,ffffff
d00020,ffffff
d00030,ffffff
d00040,ffffff
d00050,ffffff
d00060,ffffff
d00070,ffffff
d00080,ffffff
d00090,ffffff
d000a0,ffffff
d000b0,ffffff
d000c0,ffffff
d000d0,ffffff
d000e0,000000
d000f0,000000
d000ff,000000
d01000,ffffff
d01010,ffffff
d01020,ffffff
d01030,ffffff
d01040,ffffff
d01050,ffffff
d01060,ffffff
d01070,ffffff
d01080,ffffff
d01090,ffffff
d010a0,ffffff
d010b0,ffffff
d010c0,ffffff
d010d0,000000
d010e0,000000
d010f0,000000
d010ff,000000
d02000,ffffff
d02010,ffffff
d02020,ffffff
d02030,ffffff
d02040,ffffff
d02050,ffffff
d02060,ffffff
d02070,ffffff
d02080,ffffff
d02090,ffffff
d020a0,ffffff
d020b0,ffffff
d020c0,ffffff
d020d0,000000
d020e0,000000
d020f0,000000
d020ff,000000
d03000,ffffff
d03010,ffffff
d03020,ffffff
d03030,ffffff
d03040,ffffff
d03050,ffffff
d03060,ffffff
d03070,ffffff
d03080,ffffff
d03090,ffffff
d030a0,ffffff
d030b0,000000
d030c0,000000
d030d0,000000
d030e0,000000
d030f0,000000
d030ff,000000
d04000,ffffff
d04010,ffffff
d04020,ffffff
d04030,ffffff
d04040,ffffff
d04050,ffffff
d04060,ffffff
d04070,ffffff
d04080,000000
d04090,000000
d040a0,000000
d040b0,000000
d040c0,000000
d040d0,000000
d040e0,000000
d040f0,000000
d040ff,000000
d05000,000000
d05010,000000
d05020,000000
d05030,000000
d05040,000000
d05050,000000
d05060,000000
d05070,000000
d05080,000000
d05090,000000
d050a0,000000
d050b0,000000
d050c0,000000
d050d0,000000
d050e0,000000
d050f0,000000
d050ff,000000
d06000,000000
d06010,000000
d06020,000000
d06030,000000
d06040,000000
d06050,000000
d06060,000000
d06070,000000
d06080,000000
d06090,000000
d060a0,000000
d060b0,000000
d060c0,000000
d060d0,000000
d060e0,000000
d060f0,000000
d060ff,000000
d07000,000000
d07010,000000
d07020,000000
d07030,000000
d07040,000000
d07050,000000
d07060,000000
d07070,000000
d07080,000000
d07090,000000
d070a0,000000
d070b0,000000
d070c0,000000
d070d0,000000
d070e0,000000
d070f0,000000
d070ff,000000
d08000,000000
d08010,000000
d08020,000000
d08030,000000
d08040,000000
d08050,000000
d08060,000000
d08070,000000
d08080,000000
d08090,000000
d080a0,000000
d080b0,000000
d080c0,000000
d080d0,000000
d080e0,000000
d080f0,000000
d080ff,000000
d09000,000000
d09010,000000
d09020,000000
d09030,000000
d09040,000000
d09050,000000
d09060,000000
d09070,000000
d09080,000000
d09090,000000
d090a0,000000
d090b0,000000
d090c0,000000
d090d0,000000
d090e0,000000
d090f0,000000
d090ff,000000
d0a000,000000
d0a010,000000
d0a020,000000
d0a030,000000
d0a040,000000
d0a050,000000
d0a060,000000
d0a070,000000
d0a080,000000
d0a090,000000
d0a0a0,000000
d0a0b0,000000
d0a0c0,000000
d0a0d0,000000
d0a0e0,000000
d0a0f0,000000
d0a0ff,000000
d0b000,000000
d0b010,000000
d0b020,000000
d0b030,000000
d0b040,000000
d0b050,000000
d0b060,000000
d0b070,000000
d0b080,000000
d0b090,000000
d0b0a0,000000
d0b0b0,000000
d0b0c0,000000
d0b0d0,000000
d0b0e0,000000
d0b0f0,000000
d0b0ff,000000
d0c000,000000
d0c010,000000
d0c020,000000
d0c030,000000
d0c040,000000
d0c050,000000
d0c060,000000
d0c070,000000
d0c080,000000
d0c090,000000
d0c0a0,000000
d0c0b0,000000
d0c0c0,000000
d0c0d0,000000
d0c0e0,000000
d0c0f0,000000
d0c0ff,000000
d0d000,000000
d0d010,000000
d0d020,000000
d0d030,000000
d0d040,000000
d0d050,000000
d0d060,000000
d0d070,000000
d0d080,000000
d0d090,000000
d0d0a0,000000
d0d0b0,000000
d0d0c0,000000
d0d0d0,000000
d0d0e0,000000
d0d0f0,000000
d0d0ff,000000
d0e000,000000
d0e010,000000
d0e020,000000
d0e030,000000
d0e040,000000
d0e050,000000
d0e060,000000
d0e070,000000
d0e080,000000
d0e090,000000
d0e0a0,000000
d0e0b0,000000
d0e0c0,000000
d0e0d0,000000
d0e0e0,000000
d0e0f0,000000
d0e0ff,000000
d0f000,000000
d0f010,000000
d0f020,000000
d0f030,000000
d0f040,000000
d0f050,000000
d0f060,000000
d0f070,000000
d0f080,000000
d0f090,000000
d0f0a0,000000
d0f0b0,000000
d0f0c0,000000
d0f0d0,000000
d0f0e0,000000
d0f0f0,000000
d0f0ff,000000
d0ff00,000000
d0ff10,000000
d0ff20,000000
d0ff30,000000
d0ff40,000000
d0ff50,000000
d0ff60,000000
d0ff70,000000
d0ff80,000000
d0ff90,000000
d0ffa0,000000
d0ffb0,000000
d0ffc0,000000
d0ffd0,000000
d0ffe0,000000
d0fff0,000000
d0ffff,000000
e00000,ffffff
e00010,ffffff
e00020,ffffff
e00030,ffffff
e00040,ffffff
e00050,ffffff
e00060,ffffff
e00070,ffffff
e00080,ffffff
e00090,ffffff
e000a0,000000
e000b0,000000
e000c0,000000
e000d0,000000
e000e0,000000
e000f0,000000
e000ff,000000
e01000,ffffff
e01010,ffffff
e01020,ffffff
e01030,ffffff
e01040,ffffff
e01050,ffffff
e01060,ffffff
e01070,ffffff
e01080,ffffff
e01090,ffffff
e010a0,000000
e010b0,000000
e010c0,000000
e010d0,000000
e010e0,000000
e010f0,000000
e010ff,000000
e02000,ffffff
e02010,ffffff
e02020,ffffff
e02030,ffffff
e02040,ffffff
e02050,ffffff
e02060,ffffff
e02070,ffffff
e02080,000000
e02090,000000
e020a0,000000
e020b0,000000
e020c0,000000
e020d0,000000
e020e0,000000
e020f0,000000
e020ff,000000
e03000,ffffff
e03010,ffffff
e03020,ffffff
e03030,ffffff
e03040,ffffff
e03050,000000
e03060,000000
e03070,000000
e03080,000000
e03090,000000
e030a0,000000
e030b0,000000
e030c0,000000
e030d0,000000
e030e0,000000
e030f0,000000
e030ff,000000
e04000,000000
e04010,000000
e04020,000000
e04030,000000
e04040,000000
e04050,000000
e04060,000000
e04070,000000
e04080,000000
e04090,000000
e040a0,000000
e040b0,000000
e040c0,000000
e040d0,000000
e040e0,000000
e040f0,000000
e040ff,000000
e05000,000000
e05010,000000
e05020,000000
e05030,000000
e05040,000000
e05050,000000
e05060,000000
e05070,000000
e05080,000000
e05090,000000
e050a0,000000
e050b0,000000
e050c0,000000
e050d0,000000
e050e0,000000
e050f0,000000
e050ff,000000
e06000,000000
e06010,000000
e06020,000000
e06030,000000
e06040,000000
e06050,000000
e06060,000000
e06070,000000
e06080,000000
e06090,000000
e060a0,000000
e060b0,000000
e060c0,000000
e060d0,000000
e060e0,000000
e060f0,000000
e060ff,000000
e07000,000000
e07010,000000
e07020,000000
e07030,000000
e07040,000000
e07050,000000
e07060,000000
e07070,000000
e07080,000000
e07090,000000
e070a0,000000
e070b0,000000
e070c0,000000
e070d0,000000
e070e0,000000
e070f0,000000
e070ff,000000
e08000,000000
e08010,000000
e08020,000000
e08030,000000
e08040,000000
e08050,000000
e08060,000000
e08070,000000
e08080,000000
e08090,000000
e080a0,000000
e080b0,000000
e080c0,000000
e080d0,000000
e080e0,000000
e080f0,000000
e080ff,000000
e09000,000000
e09010,000000
e09020,000000
e09030,000000
e09040,000000
e09050,000000
e09060,000000
e09070,000000
e09080,000000
e09090,000000
e090a0,000000
e090b0,000000
e090c0,000000
e090d0,000000
e090e0,000000
e090f0,000000
e090ff,000000
e0a000,000000
e0a010,000000
e0a020,000000
e0a030,000000
e0a040,000000
e0a050,000000
e0a060,000000
e0a070,000000
e0a080,000000
e0a090,000000
e0a0a0,000000
e0a0b0,000000
e0a0c0,000000
e0a0d0,000000
e0a0e0,000000
e0a0f0,000000
e0a0ff,000000
e0b000,000000
e0b010,000000
e0b020,000000
e0b030,000000
e0b040,000000
e0b050,000000
e0b060,000000
e0b070,000000
e0b080,000000
e0b090,000000
e0b0a0,000000
e0b0b0,000000
e0b0c0,000000
e0b0d0,000000
e0b0e0,000000
e0b0f0,000000
e0b0ff,000000
e0c000,000000
e0c010,000000
e0c020,000000
e0c030,000000
e0c040,000000
e0c050,000000
e0c060,000000
e0c070,000000
e0c080,000000
e0c090,000000
e0c0a0,000000
e0c0b0,000000
e0c0c0,000000
e0c0d0,000000
e0c0e0,000000
e0c0f0,000000
e0c0ff,000000
e0d000,000000
e0d010,000000
e0d020,000000
e0d030,000000
e0d040,000000
e0d050,000000
e0d060,000000
e0d070,000000
e0d080,000000
e0d090,000000
e0d0a0,000000
e0d0b0,000000
e0d0c0,000000
e0d0d0,000000
e0d0e0,000000
e0d0f0,000000
e0d0ff,000000
e0e000,000000
e0e010,000000
e0e020,000000
e0e030,000000
e0e040,000000
e0e050,000000
e0e060,000000
e0e070,000000
e0e080,000000
e0e090,000000
e0e0a0,000000
e0e0b0,000000
e0e0c0,000000
e0e0d0,000000
e0e0e0,000000
e0e0f0,000000
e0e0ff,000000
e0f000,000000
e0f010,000000
e0f020,000000
e0f030,000000
e0f040,000000
e0f050,000000
e0f060,000000
e0f070,000000
e0f080,000000
e0f090,000000
e0f0a0,000000
e0f0b0,000000
e0f0c0,000000
e0f0d0,000000
e0f0e0,000000
e0f0f0,000000
e0f0ff,000000
e0ff00,000000
e0ff10,000000
e0ff20,000000
e0ff30,000000
e0ff40,000000
e0ff50,000000
e0ff60,000000
e0ff70,000000
e0ff80,000000
e0ff90,000000
e0ffa0,000000
e0ffb0,000000
e0ffc0,000000
e0ffd0,000000
e0ffe0,000000
e0fff0,000000
e0ffff,000000
f00000,000000
f00010,000000
f00020,000000
f00030,000000
f00040,000000
f00050,000000
f00060,000000
f00070,000000
f00080,000000
f00090,000000
f000a0,000000
f000b0,000000
f000c0,000000
f000d0,000000
f000e0,000000
f000f0,000000
f000ff,000000
f01000,000000
f01010,000000
f01020,000000
f01030,000000
f01040,000000
f01050,000000
f01060,000000
f01070,000000
f01080,000000
f01090,000000
f010a0,000000
f010b0,000000
f010c0,000000
f010d0,000000
f010e0,000000
f010f0,000000
f010ff,000000
f02000,000000
f02010,000000
f02020,000000
f02030,000000
f02040,000000
f02050,000000
f02060,000000
f02070,000000
f02080,000000
f02090,000000
f020a0,000000
f020b0,000000
f020c0,000000
f020d0,000000
f020e0,000000
f020f0,000000
f020ff,000000
f03000,000000
f03010,000000
f03020,000000
f03030,000000
f03040,000000
f03050,000000
f03060,000000
f03070,000000
f03080,000000
f03090,000000
f030a0,000000
f030b0,000000
f030c0,000000
f030d0,000000
f030e0,000000
f030f0,000000
f030ff,000000
f04000,000000
f04010,000000
f04020,000000
f04030,000000
f04040,000000
f04050,000000
f04060,000000
f04070,000000
f04080,000000
f04090,000000
f040a0,000000
f040b0,000000
f040c0,000000
f040d0,000000
f040e0,000000
f040f0,000000
f040ff,000000
f05000,000000
f05010,000000
f05020,000000
f05030,000000
f05040,000000
f05050,000000
f05060,000000
f05070,000000
f05080,000000
f05090,000000
f050a0,000000
f050b0,000000
f050c0,000000
f050d0,000000
f050e0,000000
f050f0,000000
f050ff,000000
f06000,000000
f06010,000000
f06020,000000
f06030,000000
f06040,000000
f06050,000000
f06060,000000
f06070,000000
f06080,000000
f06090,000000
f060a0,000000
f060b0,000000
f060c0,000000
f060d0,000000
f060e0,000000
f060f0,000000
f060ff,000000
f07000,000000
f07010,000000
f07020,000000
f07030,000000
f07040,000000
f07050,000000
f07060,000000
f07070,000000
f07080,000000
f07090,000000
f070a0,000000
f070b0,000000
f070c0,000000
f070d0,000000
f070e0,000000
f070f0,000000
f070ff,000000
f08000,000000
f08010,000000
f08020,000000
f08030,000000
f08040,000000
f08050,000000
f08060,000000
f08070,000000
f08080,000000
f08090,000000
f080a0,000000
f080b0,000000
f080c0,000000
f080d0,000000
f080e0,000000
f080f0,000000
f080ff,000000
f09000,000000
f09010,000000
f09020,000000
f09030,000000
f09040,000000
f09050,000000
f09060,000000
f09070,000000
f09080,000000
f09090,000000
f090a0,000000
f090b0,000000
f090c0,000000
f090d0,000000
f090e0,000000
f090f0,000000
f090ff,000000
f0a000,000000
f0a010,000000
f0a020,000000
f0a030,000000
f0a040,000000
f0a050,000000
f0a060,000000
f0a070,000000
f0a080,000000
f0a090,000000
f0a0a0,000000
f0a0b0,000000
f0a0c0,000000
f0a0d0,000000
f0a0e0,000000
f0a0f0,000000
f0a0ff,000000
f0b000,000000
f0b010,000000
f0b020,000000
f0b030,000000
f0b040,000000
f0b050,000000
f0b060,000000
f0b070,000000
f0b080,000000
f0b090,000000
f0b0a0,000000
f0b0b0,000000
f0b0c0,000000
f0b0d0,000000
f0b0e0,000000
f0b0f0,000000
f0b0ff,000000
f0c000,000000
f0c010,000000
f0c020,000000
f0c030,000000
f0c040,000000
f0c050,000000
f0c060,000000
f0c070,000000
f0c080,000000
f0c090,000000
f0c0a0,000000
f0c0b0,000000
f0c0c0,000000
f0c0d0,000000
f0c0e0,000000
f0c0f0,000000
f0c0ff,000000
f0d000,000000
f0d010,000000
f0d020,000000
f0d030,000000
f0d040,000000
f0d050,000000
f0d060,000000
f0d070,000000
f0d080,000000
f0d090,000000
f0d0a0,000000
f0d0b0,000000
f0d0c0,000000
f0d0d0,000000
f0d0e0,000000
f0d0f0,000000
f0d0ff,000000
f0e000,000000
f0e010,000000
f0e020,000000
f0e030,000000
f0e040,000000
f0e050,000000
f0e060,000000
f0e070,000000
f0e080,000000
f0e090,000000
f0e0a0,000000
f0e0b0,000000
f0e0c0,000000
f0e0d0,000000
f0e0e0,000000
f0e0f0,000000
f0e0ff,000000
f0f000,000000
f0f010,000000
f0f020,000000
f0f030,000000
f0f040,000000
f0f050,000000
f0f060,000000
f0f070,000000
f0f080,000000
f0f090,000000
f0f0a0,000000
f0f0b0,000000
f0f0c0,000000
f0f0d0,000000
f0f0e0,000000
f0f0f0,000000
f0f0ff,000000
f0ff00,000000
f0ff10,000000
f0ff20,000000
f0ff30,000000
f0ff40,000000
f0ff50,000000
f0ff60,000000
f0ff70,000000
f0ff80,000000
f0ff90,000000
f0ffa0,000000
f0ffb0,000000
f0ffc0,000000
f0ffd0,000000
f0ffe0,000000
f0fff0,000000
f0ffff,000000
ff0000,000000
ff0010,000000
ff0020,000000
ff0030,000000
ff0040,000000
ff0050,000000
ff0060,000000
ff0070,000000
ff0080,000000
ff0090,000000
ff00a0,000000
ff00b0,000000
ff00c0,000000
ff00d0,000000
ff00e0,000000
ff00f0,000000
ff00ff,000000
ff1000,000000
ff1010,000000
ff1020,000000
ff1030,000000
ff1040,000000
ff1050,000000
ff1060,000000
ff1070,000000
ff1080,000000
ff1090,000000
ff10a0,000000
ff10b0,000000
ff10c0,000000
ff10d0,000000
ff10e0,000000
ff10f0,000000
ff10ff,000000
ff2000,000000
ff2010,000000
ff2020,000000
ff2030,000000
ff2040,000000
ff2050,000000
ff2060,000000
ff2070,000000
ff2080,000000
ff2090,000000
ff20a0,000000
ff20b0,000000
ff20c0,000000
ff20d0,000000
ff20e0,000000
ff20f0,000000
ff20ff,000000
ff3000,000000
ff3010,000000
ff3020,000000
ff3030,000000
ff3040,000000
ff3050,000000
ff3060,000000
ff3070,000000
ff3080,000000
ff3090,000000
ff30a0,000000
ff30b0,000000
ff30c0,000000
ff30d0,000000
ff30e0,000000
ff30f0,000000
ff30ff,000000
ff4000,000000
ff4010,000000
ff4020,000000
ff4030,000000
ff4040,000000
ff4050,000000
ff4060,000000
ff4070,000000
ff4080,000000
ff4090,000000
ff40a0,000000
ff40b0,000000
ff40c0,000000
ff40d0,000000
ff40e0,000000
ff40f0,000000
ff40ff,000000
ff5000,000000
ff5010,000000
ff5020,000000
ff5030,000000
ff5040,000000
ff5050,000000
ff5060,000000
ff5070,000000
ff5080,000000
ff5090,000000
ff50a0,000000
ff50b0,000000
ff50c0,000000
ff50d0,000000
ff50e0,000000
ff50f0,000000
ff50ff,000000
ff6000,000000
ff6010,000000
ff6020,000000
ff6030,000000
ff6040,000000
ff6050,000000
ff6060,000000
ff6070,000000
ff6080,000000
ff6090,000000
ff60a0,000000
ff60b0,000000
ff60c0,000000
ff60d0,000000
ff60e0,000000
ff60f0,000000
ff60ff,000000
ff7000,000000
ff7010,000000
ff7020,000000
ff7030,000000
ff7040,000000
ff7050,000000
ff7060,000000
ff7070,000000
ff7080,000000
ff7090,000000
ff70a0,000000
ff70b0,000000
ff70c0,000000
ff70d0,000000
ff70e0,000000
ff70f0,000000
ff70ff,000000
ff8000,000000
ff8010,000000
ff8020,000000
ff8030,000000
ff8040,000000
ff8050,000000
ff8060,000000
ff8070,000000
ff8080,000000
ff8090,000000
ff80a0,000000
ff80b0,000000
ff80c0,000000
ff80d0,000000
ff80e0,000000
ff80f0,000000
ff80ff,000000
ff9000,000000
ff9010,000000
ff9020,000000
ff9030,000000
ff9040,000000
ff9050,000000
ff9060,000000
ff9070,000000
ff9080,000000
ff9090,000000
ff90a0,000000
ff90b0,000000
ff90c0,000000
ff90d0,000000
ff90e0,000000
ff90f0,000000
ff90ff,000000
ffa000,000000
ffa010,000000
ffa020,000000
ffa030,000000
ffa040,000000
ffa050,000000
ffa060,000000
ffa070,000000
ffa080,000000
ffa090,000000
ffa0a0,000000
ffa0b0,000000
ffa0c0,000000
ffa0d0,000000
ffa0e0,000000
ffa0f0,000000
ffa0ff,000000
ffb000,000000
ffb010,000000
ffb020,000000
ffb030,000000
ffb040,000000
ffb050,000000
ffb060,000000
ffb070,000000
ffb080,000000
ffb090,000000
ffb0a0,000000
ffb0b0,000000
ffb0c0,000000
ffb0d0,000000
ffb0e0,000000
ffb0f0,000000
ffb0ff,000000
ffc000,000000
ffc010,000000
ffc020,000000
ffc030,000000
ffc040,000000
ffc050,000000
ffc060,000000
ffc070,000000
ffc080,000000
ffc090,000000
ffc0a0,000000
ffc0b0,000000
ffc0c0,000000
ffc0d0,000000
ffc0e0,000000
ffc0f0,000000
ffc0ff,000000
ffd000,000000
ffd010,000000
ffd020,000000
ffd030,000000
ffd040,000000
ffd050,000000
ffd060,000000
ffd070,000000
ffd080,000000
ffd090,000000
ffd0a0,000000
ffd0b0,000000
ffd0c0,000000
ffd0d0,000000
ffd0e0,000000
ffd0f0,000000
ffd0ff,000000
ffe000,000000
ffe010,000000
ffe020,000000
ffe030,000000
ffe040,000000
ffe050,000000
ffe060,000000
ffe070,000000
ffe080,000000
ffe090,000000
ffe0a0,000000
ffe0b0,000000
ffe0c0,000000
ffe0d0,000000
ffe0e0,000000
ffe0f0,000000
ffe0ff,000000
fff000,000000
fff010,000000
fff020,000000
fff030,000000
fff040,000000
fff050,000000
fff060,000000
fff070,000000
fff080,000000
fff090,000000
fff0a0,000000
fff0b0,000000
fff0c0,000000
fff0d0,000000
fff0e0,000000
fff0f0,000000
fff0ff,000000
ffff00,000000
ffff10,000000
ffff20,000000
ffff30,000000
ffff40,000000
ffff50,000000
ffff60,000000
ffff70,000000
ffff80,000000
ffff90,000000
ffffa0,000000
ffffb0,000000
ffffc0,000000
ffffd0,000000
ffffe0,000000
fffff0,000000
ffffff,000000
